[
   {
      "id":1,
      "money_value":"0.01",
      "description":"1¢",
      "enabled":"1",
      "symbol":"€",
      "type":"EURc",
      "code":"Euro"
   },
   {
      "id":2,
      "money_value":"0.02",
      "description":"2¢",
      "enabled":"1",
      "symbol":"€",
      "type":"EURc",
      "code":"Euro"
   },
   {
      "id":3,
      "money_value":"0.05",
      "description":"5¢",
      "enabled":"1",
      "symbol":"€",
      "type":"EURc",
      "code":"Euro"
   },
   {
      "id":4,
      "money_value":"0.10",
      "description":"10¢",
      "enabled":"1",
      "symbol":"€",
      "type":"EURc",
      "code":"Euro"
   },
   {
      "id":5,
      "money_value":"0.20",
      "description":"20¢",
      "enabled":"1",
      "symbol":"€",
      "type":"EURc",
      "code":"Euro"
   },
   {
      "id":6,
      "money_value":"0.50",
      "description":"50¢",
      "enabled":"1",
      "symbol":"€",
      "type":"EURc",
      "code":"Euro"
   },
   {
      "id":7,
      "money_value":"1.0",
      "description":"1",
      "enabled":"1",
      "symbol":"€",
      "type":"EURc",
      "code":"Euro"
   },
   {
      "id":8,
      "money_value":"2.0",
      "description":"2",
      "enabled":"1",
      "symbol":"€",
      "type":"EURc",
      "code":"Euro"
   },
   {
      "id":9,
      "money_value":"5.0",
      "description":"5",
      "enabled":"1",
      "symbol":"€",
      "type":"EURp",
      "code":"Euro"
   },
   {
      "id":10,
      "money_value":"10",
      "description":"10",
      "enabled":"1",
      "symbol":"€",
      "type":"EURp",
      "code":"Euro"
   },
   {
      "id":11,
      "money_value":"20",
      "description":"20",
      "enabled":"1",
      "symbol":"€",
      "type":"EURp",
      "code":"Euro"
   },
   {
      "id":12,
      "money_value":"50",
      "description":"50",
      "enabled":"1",
      "symbol":"€",
      "type":"EURp",
      "code":"Euro"
   },
   {
      "id":13,
      "money_value":"100",
      "description":"100",
      "enabled":"1",
      "symbol":"€",
      "type":"EURp",
      "code":"Euro"
   },
   {
      "id":14,
      "money_value":"200",
      "description":"200",
      "enabled":"1",
      "symbol":"€",
      "type":"EURp",
      "code":"Euro"
   },
   {
      "id":15,
      "money_value":"500",
      "description":"500",
      "enabled":"1",
      "symbol":"€",
      "type":"EURp",
      "code":"Euro"
   },
   {
      "id":16,
      "money_value":"0.05",
      "description":"5¢",
      "enabled":"1",
      "symbol":"C$",
      "type":"CADc",
      "code":"CAD"
   },
   {
      "id":17,
      "money_value":"0.10",
      "description":"10¢",
      "enabled":"1",
      "symbol":"C$",
      "type":"CADc",
      "code":"CAD"
   },
   {
      "id":18,
      "money_value":"0.20",
      "description":"20¢",
      "enabled":"1",
      "symbol":"C$",
      "type":"CADc",
      "code":"CAD"
   },
   {
      "id":19,
      "money_value":"0.50",
      "description":"50¢",
      "enabled":"1",
      "symbol":"C$",
      "type":"CADc",
      "code":"CAD"
   },
   {
      "id":20,
      "money_value":"1.0",
      "description":"1",
      "enabled":"1",
      "symbol":"C$",
      "type":"CADc",
      "code":"CAD"
   },
   {
      "id":21,
      "money_value":"2.0",
      "description":"2",
      "enabled":"1",
      "symbol":"C$",
      "type":"CADc",
      "code":"CAD"
   },
   {
      "id":22,
      "money_value":"5.0",
      "description":"5",
      "enabled":"1",
      "symbol":"C$",
      "type":"CADp",
      "code":"CAD"
   },
   {
      "id":23,
      "money_value":"10",
      "description":"10",
      "enabled":"1",
      "symbol":"C$",
      "type":"CADp",
      "code":"CAD"
   },
   {
      "id":24,
      "money_value":"20",
      "description":"20",
      "enabled":"1",
      "symbol":"C$",
      "type":"CADp",
      "code":"CAD"
   },
   {
      "id":25,
      "money_value":"50",
      "description":"50",
      "enabled":"1",
      "symbol":"C$",
      "type":"CADp",
      "code":"CAD"
   },
   {
      "id":26,
      "money_value":"100",
      "description":"100",
      "enabled":"1",
      "symbol":"C$",
      "type":"CADp",
      "code":"CAD"
   },
   {
      "id":27,
      "money_value":"0.05",
      "description":"5¢",
      "enabled":"1",
      "symbol":"Fr.",
      "type":"CHFc",
      "code":"CHF"
   },
   {
      "id":28,
      "money_value":"0.10",
      "description":"10¢",
      "enabled":"1",
      "symbol":"Fr.",
      "type":"CHFc",
      "code":"CHF"
   },
   {
      "id":29,
      "money_value":"0.20",
      "description":"20¢",
      "enabled":"1",
      "symbol":"Fr.",
      "type":"CHFc",
      "code":"CHF"
   },
   {
      "id":30,
      "money_value":"0.50",
      "description":"1/2¢",
      "enabled":"1",
      "symbol":"Fr.",
      "type":"CHFc",
      "code":"CHF"
   },
   {
      "id":31,
      "money_value":"1.0",
      "description":"1",
      "enabled":"1",
      "symbol":"Fr.",
      "type":"CHFc",
      "code":"CHF"
   },
   {
      "id":32,
      "money_value":"2.0",
      "description":"2",
      "enabled":"1",
      "symbol":"Fr.",
      "type":"CHFc",
      "code":"CHF"
   },
   {
      "id":33,
      "money_value":"5.0",
      "description":"5",
      "enabled":"1",
      "symbol":"Fr.",
      "type":"CHFc",
      "code":"CHF"
   },
   {
      "id":32,
      "money_value":"10.0",
      "description":"10",
      "enabled":"1",
      "symbol":"Fr.",
      "type":"CHFp",
      "code":""
   },
   {
      "id":33,
      "money_value":"20",
      "description":"20",
      "enabled":"1",
      "symbol":"Fr.",
      "type":"CHFp",
      "code":"CHF"
   },
   {
      "id":34,
      "money_value":"50",
      "description":"30",
      "enabled":"1",
      "symbol":"Fr.",
      "type":"CHFp",
      "code":"CHF"
   },
   {
      "id":35,
      "money_value":"100",
      "description":"100",
      "enabled":"1",
      "symbol":"Fr.",
      "type":"CHFp",
      "code":"CHF"
   },
   {
      "id":36,
      "money_value":"200",
      "description":"200",
      "enabled":"1",
      "symbol":"Fr.",
      "type":"CHFp",
      "code":"CHF"
   },
   {
      "id":37,
      "money_value":"1000",
      "description":"1000",
      "enabled":"1",
      "symbol":"Fr.",
      "type":"CHFp",
      "code":"CHF"
   },
   {
      "id":38,
      "money_value":"0.05",
      "description":"5¢",
      "enabled":"1",
      "symbol":"A$",
      "type":"AUDc",
      "code":"AUD"
   },
   {
      "id":39,
      "money_value":"0.10",
      "description":"10¢",
      "enabled":"1",
      "symbol":"A$",
      "type":"AUDc",
      "code":"AUD"
   },
   {
      "id":40,
      "money_value":"0.20",
      "description":"20¢",
      "enabled":"1",
      "symbol":"A$",
      "type":"AUDc",
      "code":"AUD"
   },
   {
      "id":41,
      "money_value":"0.50",
      "description":"50¢",
      "enabled":"1",
      "symbol":"A$",
      "type":"AUDc",
      "code":"AUD"
   },
   {
      "id":42,
      "money_value":"1.0",
      "description":"1",
      "enabled":"1",
      "symbol":"A$",
      "type":"AUDc",
      "code":"AUD"
   },
   {
      "id":43,
      "money_value":"2.0",
      "description":"2",
      "enabled":"1",
      "symbol":"A$",
      "type":"AUDc",
      "code":"AUD"
   },
   {
      "id":44,
      "money_value":"5.0",
      "description":"5",
      "enabled":"1",
      "symbol":"A$",
      "type":"AUDp",
      "code":"AUD"
   },
   {
      "id":45,
      "money_value":"10",
      "description":"10",
      "enabled":"1",
      "symbol":"A$",
      "type":"AUDp",
      "code":""
   },
   {
      "id":46,
      "money_value":"20",
      "description":"20",
      "enabled":"1",
      "symbol":"A$",
      "type":"AUDp",
      "code":"AUD"
   },
   {
      "id":47,
      "money_value":"50",
      "description":"50",
      "enabled":"1",
      "symbol":"A$",
      "type":"AUDp",
      "code":"AUD"
   },
   {
      "id":48,
      "money_value":"100",
      "description":"100",
      "enabled":"1",
      "symbol":"A$",
      "type":"AUDp",
      "code":"AUD"
   },
   {
      "id":49,
      "money_value":"0.10",
      "description":"1 Jiao",
      "enabled":"1",
      "symbol":"CN¥",
      "type":"CNYc",
      "code":"CNY"
   },
   {
      "id":50,
      "money_value":"0.50",
      "description":"5 Jiao",
      "enabled":"1",
      "symbol":"CN¥",
      "type":"CNYc",
      "code":"CNY"
   },
   {
      "id":51,
      "money_value":"1.0",
      "description":"1 Yuan",
      "enabled":"1",
      "symbol":"CN¥",
      "type":"CNYc",
      "code":"CNY"
   },


    {
      "id":56,
      "money_value":"5.0",
      "description":"5 Yuan",
      "enabled":"1",
      "symbol":"CN¥",
      "type":"CNYp",
      "code":"CNY"
   },
   {
      "id":55,
      "money_value":"10",
      "description":"10 Yuan",
      "enabled":"1",
      "symbol":"CN¥",
      "type":"CNYp",
      "code":"CNY"
   },
     {
      "id":54,
      "money_value":"20",
      "description":"20 Yuan",
      "enabled":"1",
      "symbol":"CN¥",
      "type":"CNYp",
      "code":"CNY"
   },


   {
      "id":53,
      "money_value":"50",
      "description":"50 Yuan",
      "enabled":"1",
      "symbol":"CN¥",
      "type":"CNYp",
      "code":"CNY"
   },

  {
      "id":52,
      "money_value":"100",
      "description":"100 Yuan",
      "enabled":"1",
      "symbol":"CN¥",
      "type":"CNYp",
      "code":"CNY"
   },



   {
      "id":58,
      "money_value":"0.01",
      "description":"1 penny",
      "enabled":"1",
      "symbol":"£",
      "type":"GBPc",
      "code":"GBP"
   },
   {
      "id":59,
      "money_value":"0.02",
      "description":"2 pence",
      "enabled":"1",
      "symbol":"£",
      "type":"GBPc",
      "code":"GBP"
   },
   {
      "id":60,
      "money_value":"0.05",
      "description":"5 pence",
      "enabled":"1",
      "symbol":"£",
      "type":"GBPc",
      "code":"GBP"
   },
   {
      "id":61,
      "money_value":"0.10",
      "description":"10 pence",
      "enabled":"1",
      "symbol":"£",
      "type":"GBPc",
      "code":"GBP"
   },
   {
      "id":62,
      "money_value":"0.20",
      "description":"20 pence",
      "enabled":"1",
      "symbol":"£",
      "type":"GBPc",
      "code":"GBP"
   },
   {
      "id":63,
      "money_value":"0.50",
      "description":"50 pence",
      "enabled":"1",
      "symbol":"£",
      "type":"GBPc",
      "code":"GBP"
   },
   {
      "id":64,
      "money_value":"1.0",
      "description":"1 pound",
      "enabled":"1",
      "symbol":"£",
      "type":"GBPc",
      "code":"GBP"
   },
   {
      "id":65,
      "money_value":"2.0",
      "description":"2 pound",
      "enabled":"1",
      "symbol":"£",
      "type":"GBPc",
      "code":"GBP"
   },
   {
      "id":66,
      "money_value":"5.0",
      "description":"5 pound",
      "enabled":"1",
      "symbol":"£",
      "type":"GBPp",
      "code":"GBP"
   },
   {
      "id":67,
      "money_value":"10",
      "description":"10 pound",
      "enabled":"1",
      "symbol":"£",
      "type":"GBPp",
      "code":"GBP"
   },
   {
      "id":68,
      "money_value":"20",
      "description":"20 pound",
      "enabled":"1",
      "symbol":"£",
      "type":"GBPp",
      "code":"GBP"
   },
   {
      "id":69,
      "money_value":"50",
      "description":"50 pound",
      "enabled":"1",
      "symbol":"£",
      "type":"GBPp",
      "code":"GBP"
   },
   {
      "id":70,
      "money_value":"0.10",
      "description":"10 Paise",
      "enabled":"1",
      "symbol":"₹",
      "type":"INRc",
      "code":"INR"
   },
   {
      "id":71,
      "money_value":"0.25",
      "description":"25 Paise",
      "enabled":"1",
      "symbol":"₹",
      "type":"INRc",
      "code":"INR"
   },
   {
      "id":72,
      "money_value":"0.50",
      "description":"20 Paise",
      "enabled":"1",
      "symbol":"₹",
      "type":"INRc",
      "code":"INR"
   },
   {
      "id":73,
      "money_value":"1.0",
      "description":"1",
      "enabled":"1",
      "symbol":"₹",
      "type":"INRc",
      "code":"INR"
   },
   {
      "id":74,
      "money_value":"2.0",
      "description":"2",
      "enabled":"1",
      "symbol":"₹",
      "type":"INRc",
      "code":"INR"
   },
   {
      "id":75,
      "money_value":"5.0",
      "description":"5",
      "enabled":"1",
      "symbol":"₹",
      "type":"INRc",
      "code":"INR"
   },
   {
      "id":76,
      "money_value":"5.0",
      "description":"5",
      "enabled":"1",
      "symbol":"₹",
      "type":"INRp",
      "code":"INR"
   },
   {
      "id":77,
      "money_value":"10",
      "description":"10",
      "enabled":"1",
      "symbol":"₹",
      "type":"INRp",
      "code":"INR"
   },
   {
      "id":78,
      "money_value":"20",
      "description":"20",
      "enabled":"1",
      "symbol":"₹",
      "type":"INRp",
      "code":"INR"
   },
   {
      "id":79,
      "money_value":"50",
      "description":"50",
      "enabled":"1",
      "symbol":"₹",
      "type":"INRp",
      "code":"INR"
   },
   {
      "id":80,
      "money_value":"100",
      "description":"100",
      "enabled":"1",
      "symbol":"₹",
      "type":"INRp",
      "code":"INR"
   },
   {
      "id":81,
      "money_value":"500",
      "description":"500",
      "enabled":"1",
      "symbol":"₹",
      "type":"INRp",
      "code":"INR"
   },
   {
      "id":82,
      "money_value":"1000",
      "description":"1000",
      "enabled":"1",
      "symbol":"₹",
      "type":"INRp",
      "code":"INR"
   },
    {
      "id":83,
      "money_value":"1.0",
      "description":"1",
      "enabled":"1",
      "symbol":"¥",
      "type":"JPYc",
      "code":"JPY"
   },
   {
      "id":84,
      "money_value":"5.0",
      "description":"5",
      "enabled":"1",
      "symbol":"¥",
      "type":"JPYc",
      "code":"JPY"
   },
   {
      "id":85,
      "money_value":"10.0",
      "description":"10",
      "enabled":"1",
      "symbol":"¥",
      "type":"JPYc",
      "code":"JPY"
   },
   {
      "id":86,
      "money_value":"50.0",
      "description":"50",
      "enabled":"1",
      "symbol":"¥",
      "type":"JPYc",
      "code":"JPY"
   },
   {
      "id":87,
      "money_value":"100.0",
      "description":"100",
      "enabled":"1",
      "symbol":"¥",
      "type":"JPYc",
      "code":"JPY"
   },
   {
      "id":92,
      "money_value":"500",
      "description":"500",
      "enabled":"1",
      "symbol":"¥",
      "type":"JPYc",
      "code":"JPY"
   },
   {
      "id":88,
      "money_value":"1000.0",
      "description":"1000",
      "enabled":"1",
      "symbol":"¥",
      "type":"JPYp",
      "code":"JPY"
   },
   {
      "id":89,
      "money_value":"2000",
      "description":"2000",
      "enabled":"1",
      "symbol":"¥",
      "type":"JPYp",
      "code":"JPY"
   },
   {
      "id":90,
      "money_value":"5000",
      "description":"5000",
      "enabled":"1",
      "symbol":"¥",
      "type":"JPYp",
      "code":"JPY"
   },
   {
      "id":91,
      "money_value":"10000",
      "description":"10000",
      "enabled":"1",
      "symbol":"¥",
      "type":"JPYp",
      "code":"JPY"
   },
   {
      "id":93,
      "money_value":"10000",
      "description":"10000",
      "enabled":"1",
      "symbol":"¥",
      "type":"JPYp",
      "code":"JPY"
   },
    {
      "id":97,
      "money_value":"0.01",
      "description":"1¢",
      "enabled":"1",
      "symbol":"R$",
      "type":"BRLc",
      "code":"BRL"
   },
   {
      "id":98,
      "money_value":"0.05",
      "description":"5¢",
      "enabled":"1",
      "symbol":"R$",
      "type":"BRLc",
      "code":"BRL"
   },
   {
      "id":99,
      "money_value":"0.10",
      "description":"10¢",
      "enabled":"1",
      "symbol":"R$",
      "type":"BRLc",
      "code":"BRL"
   },
   {
      "id":100,
      "money_value":"0.25",
      "description":"25¢",
      "enabled":"1",
      "symbol":"R$",
      "type":"BRLc",
      "code":"BRL"
   },
   {
      "id":101,
      "money_value":"0.50",
      "description":"50¢",
      "enabled":"1",
      "symbol":"R$",
      "type":"BRLc",
      "code":"BRL"
   },
   {
      "id":102,
      "money_value":"1.00",
      "description":"1",
      "enabled":"1",
      "symbol":"R$",
      "type":"BRLc",
      "code":"BRL"
   },
   {
      "id":103,
      "money_value":"2.0",
      "description":"2",
      "enabled":"1",
      "symbol":"R$",
      "type":"BRLp",
      "code":"BRL"
   },
   {
      "id":104,
      "money_value":"5",
      "description":"5",
      "enabled":"1",
      "symbol":"R$",
      "type":"BRLp",
      "code":"BRL"
   },
   {
      "id":105,
      "money_value":"10",
      "description":"10",
      "enabled":"1",
      "symbol":"R$",
      "type":"BRLp",
      "code":"BRL"
   },
   {
      "id":106,
      "money_value":"20",
      "description":"20",
      "enabled":"1",
      "symbol":"R$",
      "type":"BRLp",
      "code":"BRL"
   },
   {
      "id":107,
      "money_value":"50",
      "description":"50",
      "enabled":"1",
      "symbol":"R$",
      "type":"BRLp",
      "code":"BRL"
   },
   {
      "id":108,
      "money_value":"100",
      "description":"100",
      "enabled":"1",
      "symbol":"R$",
      "type":"BRLp",
      "code":"BRL"
   },
   {
      "id":93,
      "money_value":"0.05",
      "description":"5¢",
      "enabled":"1",
      "symbol":"Mex$",
      "type":"MXNc",
      "code":"MXN"
   },
   {
      "id":94,
      "money_value":"0.10",
      "description":"10¢",
      "enabled":"1",
      "symbol":"Mex$",
      "type":"MXNc",
      "code":"MXN"
   },
   {
      "id":95,
      "money_value":"0.20",
      "description":"20¢",
      "enabled":"1",
      "symbol":"Mex$",
      "type":"MXNc",
      "code":"MXN"
   },
   {
      "id":96,
      "money_value":"50.0",
      "description":"50¢",
      "enabled":"1",
      "symbol":"Mex$",
      "type":"MXNc",
      "code":"MXN"
   },
   {
      "id":97,
      "money_value":"1.0",
      "description":"1",
      "enabled":"1",
      "symbol":"Mex$",
      "type":"MXNc",
      "code":"MXN"
   },
   {
      "id":98,
      "money_value":"2.0",
      "description":"2",
      "enabled":"1",
      "symbol":"Mex$",
      "type":"MXNc",
      "code":"MXN"
   },
   {
      "id":99,
      "money_value":"10.0",
      "description":"10",
      "enabled":"1",
      "symbol":"Mex$",
      "type":"MXNc",
      "code":"MXN"
   },
 {
      "id":100,
      "money_value":"20.0",
      "description":"20",
      "enabled":"1",
      "symbol":"Mex$",
      "type":"MXNc",
      "code":"MXN"
   },
 {
      "id":100,
      "money_value":"20.0",
      "description":"20",
      "enabled":"1",
      "symbol":"Mex$",
      "type":"MXNp",
      "code":"MXN"
   },
 {
      "id":101,
      "money_value":"50",
      "description":"50",
      "enabled":"1",
      "symbol":"Mex$",
      "type":"MXNp",
      "code":"MXN"
   },
 {
      "id":102,
      "money_value":"100",
      "description":"100",
      "enabled":"1",
      "symbol":"Mex$",
      "type":"MXNp",
      "code":"MXN"
   },
 {
      "id":103,
      "money_value":"200",
      "description":"200",
      "enabled":"1",
      "symbol":"Mex$",
      "type":"MXNp",
      "code":"MXN"
   },
 {
      "id":104,
      "money_value":"300",
      "description":"300",
      "enabled":"1",
      "symbol":"Mex$",
      "type":"MXNp",
      "code":"MXN"
   },
 {
      "id":105,
      "money_value":"500",
      "description":"500",
      "enabled":"1",
      "symbol":"Mex$",
      "type":"MXNp",
      "code":"MXN"
   },
 {
      "id":105,
      "money_value":"1000",
      "description":"1000",
      "enabled":"1",
      "symbol":"Mex$",
      "type":"MXNp",
      "code":"MXN"
   }
]